b,ll,ul,bin
-2.431376942381497,-5.192826474351425,.33007258958843,1
-10.36609814646786,-12.61509711078133,-8.11709918215438,2
-6.257327258476288,-9.07973620208983,-3.434918314862746,3
