bin,ws,n_vill
1,78.77659116472516,14
2,110.9145660400391,2
3,137.538338797433,14
