bin,ws,n_vill
1,75.42911148071289,10
2,87.14529037475586,4
3,110.9145660400391,2
4,133.9233202253069,7
5,141.1533573695592,7
