mean_aidsat,nNo,nSev,diff,diff_lo,diff_hi,diff_p
58.482563,284,163,-17.777779,-33.284096,-2.2714601,.025725581
