est,damages
2.0454543,180
19.823233,200
